USE [BreweryWholesale]
GO
/****** Object:  Table [dbo].[BEER]    Script Date: 03/02/2023 20:41:18 ******/
SET ANSI_NULLS ON
GO
SET QUOTED_IDENTIFIER ON
GO
CREATE TABLE [dbo].[BEER](
	[ID] [bigint] IDENTITY(1,1) NOT NULL,
	[NAME] [varchar](255) NOT NULL,
	[ALCOHOL_CONTENT] [decimal](5, 2) NOT NULL,
	[PRICE] [decimal](8, 2) NOT NULL,
	[ID_BREWERY] [bigint] NOT NULL,
PRIMARY KEY CLUSTERED 
(
	[ID] ASC
)WITH (PAD_INDEX = OFF, STATISTICS_NORECOMPUTE = OFF, IGNORE_DUP_KEY = OFF, ALLOW_ROW_LOCKS = ON, ALLOW_PAGE_LOCKS = ON, OPTIMIZE_FOR_SEQUENTIAL_KEY = OFF) ON [PRIMARY]
) ON [PRIMARY]
GO
/****** Object:  Table [dbo].[BREWERY]    Script Date: 03/02/2023 20:41:18 ******/
SET ANSI_NULLS ON
GO
SET QUOTED_IDENTIFIER ON
GO
CREATE TABLE [dbo].[BREWERY](
	[ID] [bigint] IDENTITY(1,1) NOT NULL,
	[NAME] [varchar](255) NOT NULL,
PRIMARY KEY CLUSTERED 
(
	[ID] ASC
)WITH (PAD_INDEX = OFF, STATISTICS_NORECOMPUTE = OFF, IGNORE_DUP_KEY = OFF, ALLOW_ROW_LOCKS = ON, ALLOW_PAGE_LOCKS = ON, OPTIMIZE_FOR_SEQUENTIAL_KEY = OFF) ON [PRIMARY]
) ON [PRIMARY]
GO
/****** Object:  Table [dbo].[CLIENT]    Script Date: 03/02/2023 20:41:18 ******/
SET ANSI_NULLS ON
GO
SET QUOTED_IDENTIFIER ON
GO
CREATE TABLE [dbo].[CLIENT](
	[ID] [bigint] IDENTITY(1,1) NOT NULL,
	[NAME_COMPLETE] [varchar](255) NOT NULL,
	[PHONE] [varchar](255) NOT NULL,
	[EMAIL] [varchar](255) NOT NULL,
PRIMARY KEY CLUSTERED 
(
	[ID] ASC
)WITH (PAD_INDEX = OFF, STATISTICS_NORECOMPUTE = OFF, IGNORE_DUP_KEY = OFF, ALLOW_ROW_LOCKS = ON, ALLOW_PAGE_LOCKS = ON, OPTIMIZE_FOR_SEQUENTIAL_KEY = OFF) ON [PRIMARY]
) ON [PRIMARY]
GO
/****** Object:  Table [dbo].[REQUEST]    Script Date: 03/02/2023 20:41:18 ******/
SET ANSI_NULLS ON
GO
SET QUOTED_IDENTIFIER ON
GO
CREATE TABLE [dbo].[REQUEST](
	[ID] [bigint] IDENTITY(1,1) NOT NULL,
	[ID_WHOLESALER] [bigint] NOT NULL,
	[ID_BEER] [bigint] NOT NULL,
	[ID_CLIENT] [bigint] NOT NULL,
	[QUANTITY] [int] NOT NULL,
	[UNIT_PRICE] [decimal](8, 2) NULL,
	[DISCOUNT] [decimal](5, 2) NULL,
PRIMARY KEY CLUSTERED 
(
	[ID] ASC
)WITH (PAD_INDEX = OFF, STATISTICS_NORECOMPUTE = OFF, IGNORE_DUP_KEY = OFF, ALLOW_ROW_LOCKS = ON, ALLOW_PAGE_LOCKS = ON, OPTIMIZE_FOR_SEQUENTIAL_KEY = OFF) ON [PRIMARY]
) ON [PRIMARY]
GO
/****** Object:  Table [dbo].[WHOLESALER]    Script Date: 03/02/2023 20:41:18 ******/
SET ANSI_NULLS ON
GO
SET QUOTED_IDENTIFIER ON
GO
CREATE TABLE [dbo].[WHOLESALER](
	[ID] [bigint] IDENTITY(1,1) NOT NULL,
	[NAME] [varchar](255) NOT NULL,
PRIMARY KEY CLUSTERED 
(
	[ID] ASC
)WITH (PAD_INDEX = OFF, STATISTICS_NORECOMPUTE = OFF, IGNORE_DUP_KEY = OFF, ALLOW_ROW_LOCKS = ON, ALLOW_PAGE_LOCKS = ON, OPTIMIZE_FOR_SEQUENTIAL_KEY = OFF) ON [PRIMARY]
) ON [PRIMARY]
GO
/****** Object:  Table [dbo].[WHOLESALER_BEER_STOCK]    Script Date: 03/02/2023 20:41:18 ******/
SET ANSI_NULLS ON
GO
SET QUOTED_IDENTIFIER ON
GO
CREATE TABLE [dbo].[WHOLESALER_BEER_STOCK](
	[ID] [bigint] IDENTITY(1,1) NOT NULL,
	[ID_BEER] [bigint] NOT NULL,
	[ID_WHOLESALER] [bigint] NOT NULL,
	[QUANTITY] [int] NOT NULL,
PRIMARY KEY CLUSTERED 
(
	[ID] ASC
)WITH (PAD_INDEX = OFF, STATISTICS_NORECOMPUTE = OFF, IGNORE_DUP_KEY = OFF, ALLOW_ROW_LOCKS = ON, ALLOW_PAGE_LOCKS = ON, OPTIMIZE_FOR_SEQUENTIAL_KEY = OFF) ON [PRIMARY]
) ON [PRIMARY]
GO
SET IDENTITY_INSERT [dbo].[BEER] ON 
GO
INSERT [dbo].[BEER] ([ID], [NAME], [ALCOHOL_CONTENT], [PRICE], [ID_BREWERY]) VALUES (1, N'Leffe Blonde', CAST(6.60 AS Decimal(5, 2)), CAST(2.20 AS Decimal(8, 2)), 1)
GO
INSERT [dbo].[BEER] ([ID], [NAME], [ALCOHOL_CONTENT], [PRICE], [ID_BREWERY]) VALUES (2, N'Leffe Blonde', CAST(2.20 AS Decimal(5, 2)), CAST(20.00 AS Decimal(8, 2)), 1)
GO
INSERT [dbo].[BEER] ([ID], [NAME], [ALCOHOL_CONTENT], [PRICE], [ID_BREWERY]) VALUES (4, N'string', CAST(0.00 AS Decimal(5, 2)), CAST(2.20 AS Decimal(8, 2)), 1)
GO
SET IDENTITY_INSERT [dbo].[BEER] OFF
GO
SET IDENTITY_INSERT [dbo].[BREWERY] ON 
GO
INSERT [dbo].[BREWERY] ([ID], [NAME]) VALUES (1, N'Abbaye de Leffe')
GO
SET IDENTITY_INSERT [dbo].[BREWERY] OFF
GO
SET IDENTITY_INSERT [dbo].[CLIENT] ON 
GO
INSERT [dbo].[CLIENT] ([ID], [NAME_COMPLETE], [PHONE], [EMAIL]) VALUES (1, N'string', N'string', N'string')
GO
INSERT [dbo].[CLIENT] ([ID], [NAME_COMPLETE], [PHONE], [EMAIL]) VALUES (2, N'string', N'string', N'string')
GO
INSERT [dbo].[CLIENT] ([ID], [NAME_COMPLETE], [PHONE], [EMAIL]) VALUES (3, N'string', N'string', N'string')
GO
INSERT [dbo].[CLIENT] ([ID], [NAME_COMPLETE], [PHONE], [EMAIL]) VALUES (4, N'string', N'string', N'string')
GO
INSERT [dbo].[CLIENT] ([ID], [NAME_COMPLETE], [PHONE], [EMAIL]) VALUES (5, N'string', N'string', N'string')
GO
INSERT [dbo].[CLIENT] ([ID], [NAME_COMPLETE], [PHONE], [EMAIL]) VALUES (6, N'string', N'string', N'string')
GO
INSERT [dbo].[CLIENT] ([ID], [NAME_COMPLETE], [PHONE], [EMAIL]) VALUES (7, N'string', N'string', N'string')
GO
INSERT [dbo].[CLIENT] ([ID], [NAME_COMPLETE], [PHONE], [EMAIL]) VALUES (8, N'string', N'string', N'string')
GO
INSERT [dbo].[CLIENT] ([ID], [NAME_COMPLETE], [PHONE], [EMAIL]) VALUES (9, N'string', N'string', N'string')
GO
INSERT [dbo].[CLIENT] ([ID], [NAME_COMPLETE], [PHONE], [EMAIL]) VALUES (10, N'string', N'string', N'string')
GO
INSERT [dbo].[CLIENT] ([ID], [NAME_COMPLETE], [PHONE], [EMAIL]) VALUES (11, N'string', N'string', N'string')
GO
INSERT [dbo].[CLIENT] ([ID], [NAME_COMPLETE], [PHONE], [EMAIL]) VALUES (12, N'string', N'string', N'string')
GO
SET IDENTITY_INSERT [dbo].[CLIENT] OFF
GO
SET IDENTITY_INSERT [dbo].[REQUEST] ON 
GO
INSERT [dbo].[REQUEST] ([ID], [ID_WHOLESALER], [ID_BEER], [ID_CLIENT], [QUANTITY], [UNIT_PRICE], [DISCOUNT]) VALUES (1, 1, 1, 1, 10, NULL, NULL)
GO
INSERT [dbo].[REQUEST] ([ID], [ID_WHOLESALER], [ID_BEER], [ID_CLIENT], [QUANTITY], [UNIT_PRICE], [DISCOUNT]) VALUES (2, 1, 1, 2, 10, NULL, CAST(10.00 AS Decimal(5, 2)))
GO
INSERT [dbo].[REQUEST] ([ID], [ID_WHOLESALER], [ID_BEER], [ID_CLIENT], [QUANTITY], [UNIT_PRICE], [DISCOUNT]) VALUES (3, 1, 2, 2, 20, NULL, CAST(20.00 AS Decimal(5, 2)))
GO
INSERT [dbo].[REQUEST] ([ID], [ID_WHOLESALER], [ID_BEER], [ID_CLIENT], [QUANTITY], [UNIT_PRICE], [DISCOUNT]) VALUES (4, 1, 1, 3, 10, CAST(2.20 AS Decimal(8, 2)), CAST(10.00 AS Decimal(5, 2)))
GO
INSERT [dbo].[REQUEST] ([ID], [ID_WHOLESALER], [ID_BEER], [ID_CLIENT], [QUANTITY], [UNIT_PRICE], [DISCOUNT]) VALUES (5, 1, 1, 3, 20, CAST(2.20 AS Decimal(8, 2)), CAST(10.00 AS Decimal(5, 2)))
GO
INSERT [dbo].[REQUEST] ([ID], [ID_WHOLESALER], [ID_BEER], [ID_CLIENT], [QUANTITY], [UNIT_PRICE], [DISCOUNT]) VALUES (6, 1, 1, 4, 10, NULL, CAST(10.00 AS Decimal(5, 2)))
GO
INSERT [dbo].[REQUEST] ([ID], [ID_WHOLESALER], [ID_BEER], [ID_CLIENT], [QUANTITY], [UNIT_PRICE], [DISCOUNT]) VALUES (7, 1, 1, 5, 10, CAST(2.20 AS Decimal(8, 2)), CAST(10.00 AS Decimal(5, 2)))
GO
INSERT [dbo].[REQUEST] ([ID], [ID_WHOLESALER], [ID_BEER], [ID_CLIENT], [QUANTITY], [UNIT_PRICE], [DISCOUNT]) VALUES (8, 1, 1, 6, 10, NULL, CAST(10.00 AS Decimal(5, 2)))
GO
INSERT [dbo].[REQUEST] ([ID], [ID_WHOLESALER], [ID_BEER], [ID_CLIENT], [QUANTITY], [UNIT_PRICE], [DISCOUNT]) VALUES (9, 1, 1, 7, 10, NULL, CAST(10.00 AS Decimal(5, 2)))
GO
INSERT [dbo].[REQUEST] ([ID], [ID_WHOLESALER], [ID_BEER], [ID_CLIENT], [QUANTITY], [UNIT_PRICE], [DISCOUNT]) VALUES (10, 1, 1, 8, 10, CAST(2.20 AS Decimal(8, 2)), CAST(10.00 AS Decimal(5, 2)))
GO
INSERT [dbo].[REQUEST] ([ID], [ID_WHOLESALER], [ID_BEER], [ID_CLIENT], [QUANTITY], [UNIT_PRICE], [DISCOUNT]) VALUES (11, 1, 1, 9, 10, CAST(2.20 AS Decimal(8, 2)), CAST(10.00 AS Decimal(5, 2)))
GO
INSERT [dbo].[REQUEST] ([ID], [ID_WHOLESALER], [ID_BEER], [ID_CLIENT], [QUANTITY], [UNIT_PRICE], [DISCOUNT]) VALUES (12, 1, 2, 10, 10, CAST(20.00 AS Decimal(8, 2)), CAST(10.00 AS Decimal(5, 2)))
GO
INSERT [dbo].[REQUEST] ([ID], [ID_WHOLESALER], [ID_BEER], [ID_CLIENT], [QUANTITY], [UNIT_PRICE], [DISCOUNT]) VALUES (13, 1, 1, 10, 10, CAST(2.20 AS Decimal(8, 2)), CAST(10.00 AS Decimal(5, 2)))
GO
INSERT [dbo].[REQUEST] ([ID], [ID_WHOLESALER], [ID_BEER], [ID_CLIENT], [QUANTITY], [UNIT_PRICE], [DISCOUNT]) VALUES (14, 1, 1, 11, 10, CAST(2.20 AS Decimal(8, 2)), CAST(10.00 AS Decimal(5, 2)))
GO
INSERT [dbo].[REQUEST] ([ID], [ID_WHOLESALER], [ID_BEER], [ID_CLIENT], [QUANTITY], [UNIT_PRICE], [DISCOUNT]) VALUES (15, 1, 2, 11, 10, CAST(20.00 AS Decimal(8, 2)), CAST(10.00 AS Decimal(5, 2)))
GO
INSERT [dbo].[REQUEST] ([ID], [ID_WHOLESALER], [ID_BEER], [ID_CLIENT], [QUANTITY], [UNIT_PRICE], [DISCOUNT]) VALUES (16, 1, 1, 12, 10, CAST(2.20 AS Decimal(8, 2)), CAST(10.00 AS Decimal(5, 2)))
GO
SET IDENTITY_INSERT [dbo].[REQUEST] OFF
GO
SET IDENTITY_INSERT [dbo].[WHOLESALER] ON 
GO
INSERT [dbo].[WHOLESALER] ([ID], [NAME]) VALUES (1, N'GeneDrinks')
GO
SET IDENTITY_INSERT [dbo].[WHOLESALER] OFF
GO
SET IDENTITY_INSERT [dbo].[WHOLESALER_BEER_STOCK] ON 
GO
INSERT [dbo].[WHOLESALER_BEER_STOCK] ([ID], [ID_BEER], [ID_WHOLESALER], [QUANTITY]) VALUES (1, 1, 1, 10)
GO
INSERT [dbo].[WHOLESALER_BEER_STOCK] ([ID], [ID_BEER], [ID_WHOLESALER], [QUANTITY]) VALUES (3, 2, 1, 10)
GO
SET IDENTITY_INSERT [dbo].[WHOLESALER_BEER_STOCK] OFF
GO
ALTER TABLE [dbo].[BEER] ADD  DEFAULT ((0)) FOR [ALCOHOL_CONTENT]
GO
ALTER TABLE [dbo].[BEER]  WITH CHECK ADD FOREIGN KEY([ID_BREWERY])
REFERENCES [dbo].[BREWERY] ([ID])
GO
ALTER TABLE [dbo].[REQUEST]  WITH CHECK ADD FOREIGN KEY([ID_BEER])
REFERENCES [dbo].[BEER] ([ID])
GO
ALTER TABLE [dbo].[REQUEST]  WITH CHECK ADD FOREIGN KEY([ID_CLIENT])
REFERENCES [dbo].[CLIENT] ([ID])
GO
ALTER TABLE [dbo].[REQUEST]  WITH CHECK ADD FOREIGN KEY([ID_WHOLESALER])
REFERENCES [dbo].[WHOLESALER] ([ID])
GO
ALTER TABLE [dbo].[WHOLESALER_BEER_STOCK]  WITH CHECK ADD FOREIGN KEY([ID_BEER])
REFERENCES [dbo].[BEER] ([ID])
GO
ALTER TABLE [dbo].[WHOLESALER_BEER_STOCK]  WITH CHECK ADD FOREIGN KEY([ID_WHOLESALER])
REFERENCES [dbo].[WHOLESALER] ([ID])
GO
